Name,Chapter Affiliation,Zip Code,LinkedIn,Instagram,Phone Number,Email,LinkedIn Public,Instagram Public,Phone Number Public,Email Public,Latitude,Longitude
Elizabeth Nelson,YNG San Diego,92110,elizabethnelson,elizabethnelson,+1 (555) 155-8327,elizabeth.nelson@mac.com,yes,no,no,no,32.77009927021764,-117.1986468325697
Johnathan Rodriguez Jr.,YNG San Francisco,94107,johnathanrodriguezjr.,johnathanrodriguezjr.,+1 (555) 726-3272,johnathan.rodriguez.jr.@stanford.edu,no,yes,yes,yes,37.783257284117646,-122.40295517617648
Benjamin Stevens,YNG San Diego,92117,benjaminstevens,benjaminstevens,+1 (555) 099-4230,benjamin.stevens@company.com,no,yes,yes,yes,32.82418340396346,-117.19911553069103
Wayne Santos,YNG Las Vegas,89107,waynesantos,waynesantos,+1 (555) 243-5696,wayne.santos@mac.com,no,yes,no,yes,36.171054723404254,-115.21739790212767
Leslie Morales DDS,YNG Los Angeles,90002,NP,lesliemoralesdds,+1 (555) 426-2927,leslie.morales.dds@aol.com,NP,yes,no,no,33.95558161991525,-118.24753149491525
Alex Hall,YNG Seattle,98109,alexhall,alexhall,+1 (555) 850-7109,alex.hall@gmail.com,no,yes,no,no,47.63319124741345,-122.34864867968564
Barbara Simon,YNG Seattle,98103,barbarasimon,barbarasimon,+1 (555) 869-3558,barbara.simon@ucla.edu,yes,no,yes,no,47.67366397819063,-122.34400619761135
Sylvia Sanders,YNG Utah,84114,sylviasanders,NP,NP,sylvia.sanders@icloud.com,yes,NP,NP,yes,,
Steve Chandler,YNG LA Universities,90025,stevechandler,stevechandler,+1 (555) 357-9116,steve.chandler@icloud.com,yes,no,yes,yes,34.04410998329571,-118.45241107810382
Joseph Booth,YNG Utah,84110,josephbooth,josephbooth,+1 (555) 892-2370,joseph.booth@icloud.com,yes,yes,no,yes,,
Hannah Hernandez,YNG Seattle,98103,hannahhernandez,hannahhernandez,+1 (555) 562-5073,hannah.hernandez@icloud.com,yes,yes,no,yes,47.67366397819063,-122.34400619761135
Blake Coleman,YNG San Francisco,94114,blakecoleman,blakecoleman,NP,blake.coleman@ucla.edu,no,no,NP,no,37.76158910852018,-122.43637736233184
Chad Mcintyre,YNG San Diego,92115,chadmcintyre,NP,+1 (555) 316-0877,chad.mcintyre@stanford.edu,no,NP,no,yes,32.761065632043156,-117.07065309806838
Thomas Bowman,YNG Las Vegas,89106,thomasbowman,thomasbowman,+1 (555) 220-1249,thomas.bowman@mac.com,no,no,no,no,36.17634431707317,-115.16155537804877
Kerry Chambers,YNG San Francisco,94108,kerrychambers,kerrychambers,+1 (555) 973-8621,kerry.chambers@yahoo.com,no,no,no,no,37.790616552549025,-122.40632249019609
Jesus Shelton,YNG San Francisco,94102,jesusshelton,jesusshelton,+1 (555) 301-0232,jesus.shelton@mac.com,no,no,yes,yes,37.78238154512195,-122.4153735297561
Patrick Jones,YNG LA Universities,90025,patrickjones,patrickjones,+1 (555) 752-5353,patrick.jones@yahoo.com,no,yes,yes,yes,34.04410998329571,-118.45241107810382
Rachel Marquez,YNG Las Vegas,89106,NP,rachelmarquez,+1 (555) 181-3727,rachel.marquez@outlook.com,NP,yes,no,no,36.17634431707317,-115.16155537804877
Ryan Dawson,YNG Utah,84104,ryandawson,NP,+1 (555) 072-7060,ryan.dawson@company.com,no,NP,yes,no,40.741115192358805,-111.93280774850497
Kevin Gonzales,YNG Utah,84107,kevingonzales,NP,+1 (555) 034-3046,kevin.gonzales@outlook.com,no,NP,no,no,40.64275919912425,-111.87970474318554
Holly Calderon,YNG Las Vegas,89112,NP,hollycalderon,+1 (555) 841-1566,holly.calderon@cooper.biz,NP,no,yes,yes,36.0863024,-115.0410112
Elizabeth Johnson,YNG Las Vegas,89110,elizabethjohnson,elizabethjohnson,+1 (555) 808-1401,elizabeth.johnson@mac.com,no,no,yes,yes,36.170392276,-115.067424178
Christina Anderson,YNG Los Angeles,90014,christinaanderson,christinaanderson,NP,christina.anderson@yahoo.com,yes,yes,NP,no,34.043170657522126,-118.25211756637168
Jack Smith,YNG Los Angeles,90012,jacksmith,jacksmith,+1 (555) 720-9624,jack.smith@aol.com,yes,yes,no,no,34.057665614962595,-118.23937987980051
Debra Butler,YNG Seattle,98114,NP,debrabutler,+1 (555) 871-3932,debra.butler@ucla.edu,NP,no,no,yes,,
Marilyn Flores,YNG LA Universities,90041,marilynflores,marilynflores,+1 (555) 491-1010,marilyn.flores@icloud.com,yes,no,no,yes,34.1326234462963,-118.21113965555556
Michael Horton,YNG San Francisco,94103,NP,michaelhorton,NP,michael.horton@wilson-robinson.com,NP,yes,NP,yes,37.77462658826869,-122.41115027729423
Michael Jackson,YNG Los Angeles,90003,michaeljackson,NP,+1 (555) 285-3365,michael.jackson@icloud.com,no,NP,no,no,33.96916498947368,-118.27548059005846
Kelly Hinton,YNG San Diego,92113,kellyhinton,kellyhinton,NP,kelly.hinton@horton.biz,yes,no,NP,no,32.698107316743204,-117.11821616750653
James Bender,YNG San Francisco,94116,jamesbender,jamesbender,+1 (555) 115-6285,james.bender@aol.com,yes,yes,yes,yes,37.74632291441879,-122.47329442721751
Megan Mccarthy,YNG Las Vegas,89109,meganmccarthy,meganmccarthy,+1 (555) 146-2761,megan.mccarthy@mac.com,yes,yes,yes,yes,36.11869316430769,-115.16679650338462
Richard Howell,YNG Los Angeles,90013,NP,richardhowell,+1 (555) 668-1682,richard.howell@stanford.edu,NP,no,yes,no,34.04505107228682,-118.24281050697675
Michele Campbell,YNG San Diego,92104,NP,michelecampbell,+1 (555) 554-3287,michele.campbell@mac.com,NP,yes,yes,yes,32.74314012953933,-117.12772859057556
Megan Greene,YNG LA Universities,90038,megangreene,NP,+1 (555) 909-9178,megan.greene@gomez-taylor.com,no,NP,no,no,34.088968077227726,-118.33085199702971
Maria Krause,YNG San Francisco,94110,mariakrause,mariakrause,+1 (555) 908-9310,maria.krause@gmail.com,no,no,no,yes,37.76890161721854,-122.35280078653422
Tanya Solis,YNG LA Universities,90038,tanyasolis,tanyasolis,+1 (555) 353-1570,tanya.solis@company.com,no,yes,no,yes,34.088968077227726,-118.33085199702971
Jeffrey Burnett,YNG Las Vegas,89107,jeffreyburnett,jeffreyburnett,+1 (555) 977-4110,jeffrey.burnett@ucla.edu,yes,yes,yes,no,36.171054723404254,-115.21739790212767
Monica Perez,YNG San Diego,92103,monicaperez,monicaperez,+1 (555) 890-3062,monica.perez@gmail.com,no,no,yes,yes,32.74697101210486,-117.16841155256746
Phillip Smith,YNG Utah,84115,phillipsmith,NP,NP,phillip.smith@yahoo.com,yes,NP,NP,no,40.731613839683504,-111.88645985818624
John Spencer,YNG Seattle,98111,johnspencer,johnspencer,+1 (555) 720-9721,john.spencer@icloud.com,yes,yes,no,no,,
Wayne Johnson,YNG Los Angeles,90002,waynejohnson,waynejohnson,+1 (555) 002-8736,wayne.johnson@ucla.edu,no,no,yes,no,33.95558161991525,-118.24753149491525
Phyllis Burnett,YNG Seattle,98109,phyllisburnett,phyllisburnett,+1 (555) 449-3592,phyllis.burnett@yahoo.com,yes,no,no,no,47.63319124741345,-122.34864867968564
John Bryant,YNG Seattle,98101,johnbryant,johnbryant,+1 (555) 202-4665,john.bryant@yahoo.com,yes,yes,yes,no,47.61075819872804,-122.33619798625075
William Morton,YNG Los Angeles,90008,williammorton,williammorton,+1 (555) 714-3740,william.morton@icloud.com,no,yes,no,no,34.008551975051546,-118.33036155051546
Caroline Odonnell,YNG Los Angeles,90004,carolineodonnell,carolineodonnell,NP,caroline.odonnell@outlook.com,no,no,NP,no,34.07343115416667,-118.300806646875
Christian Reynolds,YNG Seattle,98114,christianreynolds,christianreynolds,+1 (555) 946-8105,christian.reynolds@ucla.edu,yes,no,no,yes,,
Tyler Spencer,YNG San Diego,92104,tylerspencer,NP,+1 (555) 604-3660,tyler.spencer@icloud.com,yes,NP,no,yes,32.74314012953933,-117.12772859057556
Maria Miller,YNG San Francisco,94116,mariamiller,mariamiller,+1 (555) 718-0575,maria.miller@yahoo.com,no,yes,no,no,37.74632291441879,-122.47329442721751
Luke White,YNG Utah,84107,lukewhite,NP,+1 (555) 553-6002,luke.white@ucla.edu,yes,NP,yes,no,40.64275919912425,-111.87970474318554
James Carter,YNG Las Vegas,89103,NP,NP,+1 (555) 481-0870,james.carter@gmail.com,NP,NP,no,yes,36.11139455813953,-115.2055480635659
Sean Mckinney,YNG San Diego,92114,seanmckinney,seanmckinney,+1 (555) 536-6986,sean.mckinney@icloud.com,yes,no,yes,yes,32.70640174765625,-117.05330057130207
Alexis Reyes,YNG Los Angeles,90010,alexisreyes,alexisreyes,+1 (555) 583-8186,alexis.reyes@aol.com,yes,yes,yes,yes,34.061775214893615,-118.30393842978724
Steven Smith,YNG Utah,84114,NP,stevensmith,+1 (555) 232-8874,steven.smith@mac.com,NP,no,yes,no,,
Jeffrey Palmer,YNG Seattle,98103,jeffreypalmer,jeffreypalmer,+1 (555) 903-1909,jeffrey.palmer@yahoo.com,no,no,yes,yes,47.67366397819063,-122.34400619761135
Christina Hobbs,YNG San Francisco,94108,christinahobbs,NP,+1 (555) 824-3336,christina.hobbs@ucla.edu,yes,NP,yes,yes,37.790616552549025,-122.40632249019609
Mark Oliver,YNG Los Angeles,90002,markoliver,NP,+1 (555) 599-1443,mark.oliver@ucla.edu,no,NP,yes,no,33.95558161991525,-118.24753149491525
Dr. Anthony Parker,YNG Los Angeles,90007,dr.anthonyparker,NP,+1 (555) 964-0842,dr..anthony.parker@mac.com,no,NP,yes,yes,34.03069760668524,-118.2794813292479
Peter Pace,YNG Los Angeles,90011,peterpace,peterpace,+1 (555) 931-7269,peter.pace@gmail.com,no,yes,no,no,34.009430135350314,-118.25934578152867
Kathleen Farmer,YNG Las Vegas,89102,kathleenfarmer,NP,+1 (555) 749-6856,kathleen.farmer@aol.com,no,NP,no,yes,36.14224322672413,-115.18902681206896
Tiffany Schneider,YNG San Diego,92105,NP,tiffanyschneider,+1 (555) 489-2253,tiffany.schneider@ucla.edu,NP,no,no,yes,32.74001288204097,-117.09446547425873
David Reyes,YNG Utah,84116,davidreyes,davidreyes,NP,david.reyes@outlook.com,no,no,NP,yes,40.78606765402901,-111.92881288309832
Cynthia Thompson,YNG Los Angeles,90012,cynthiathompson,cynthiathompson,+1 (555) 934-0046,cynthia.thompson@jimenez-jordan.info,yes,yes,yes,no,34.057665614962595,-118.23937987980051
Victoria Estrada,YNG LA Universities,90024,NP,victoriaestrada,+1 (555) 838-6166,victoria.estrada@stanford.edu,NP,no,no,yes,34.06164577459678,-118.4445646641129
Mark Gaines,YNG Las Vegas,89109,markgaines,NP,+1 (555) 516-4259,mark.gaines@stanford.edu,yes,NP,yes,no,36.11869316430769,-115.16679650338462
David Stevens,YNG San Diego,92110,davidstevens,davidstevens,NP,david.stevens@aol.com,no,yes,NP,yes,32.77009927021764,-117.1986468325697
John Jones,YNG Los Angeles,90002,NP,johnjones,+1 (555) 408-5081,john.jones@gmail.com,NP,yes,yes,no,33.95558161991525,-118.24753149491525
Carrie Young,YNG Los Angeles,90003,carrieyoung,carrieyoung,+1 (555) 326-7324,carrie.young@icloud.com,yes,no,no,no,33.96916498947368,-118.27548059005846
Edward Rodriguez,YNG Seattle,98113,edwardrodriguez,edwardrodriguez,+1 (555) 234-9585,edward.rodriguez@stanford.edu,yes,yes,yes,no,47.68936955,-122.35480585
Dana Lane,YNG Los Angeles,90016,danalane,danalane,+1 (555) 291-0133,dana.lane@lopez-fletcher.biz,yes,no,yes,no,34.03107666405959,-118.34381972234638
Andrea Scott,YNG Los Angeles,90009,andreascott,andreascott,NP,andrea.scott@stanford.edu,yes,yes,NP,yes,33.952758,-118.385942
Danielle Myers,YNG San Francisco,94121,NP,daniellemyers,+1 (555) 358-5141,danielle.myers@aol.com,NP,no,no,yes,37.77881306944444,-122.48905604492752
Taylor Cuevas,YNG Las Vegas,89112,taylorcuevas,taylorcuevas,+1 (555) 925-7947,taylor.cuevas@aol.com,yes,no,no,no,36.0863024,-115.0410112
Ryan Brown,YNG Los Angeles,90013,ryanbrown,ryanbrown,+1 (555) 235-7515,ryan.brown@gmail.com,no,no,no,no,34.04505107228682,-118.24281050697675
Glenda Stephens,YNG Seattle,98111,NP,glendastephens,+1 (555) 620-5014,glenda.stephens@aol.com,NP,no,yes,yes,,
Gail Stewart,YNG LA Universities,90042,gailstewart,gailstewart,+1 (555) 800-1980,gail.stewart@yahoo.com,no,yes,yes,no,34.1103185335443,-118.19345727088609
Craig Simpson,YNG San Francisco,94111,craigsimpson,craigsimpson,+1 (555) 635-3470,craig.simpson@mac.com,yes,no,yes,no,37.795120261267606,-122.39955978732395
Joseph Mcfarland,YNG Utah,84109,josephmcfarland,NP,NP,joseph.mcfarland@icloud.com,yes,NP,NP,no,40.71942042691722,-111.82023214900966
Mrs. Miranda Smith,YNG Las Vegas,89110,mrs.mirandasmith,mrs.mirandasmith,+1 (555) 609-2319,mrs..miranda.smith@mac.com,no,yes,yes,yes,36.170392276,-115.067424178
Breanna Oconnell,YNG Seattle,98111,breannaoconnell,breannaoconnell,+1 (555) 672-3492,breanna.oconnell@ucla.edu,yes,no,yes,yes,,
Barbara Norman,YNG Utah,84101,NP,barbaranorman,+1 (555) 042-1186,barbara.norman@icloud.com,NP,yes,yes,yes,40.76142450147929,-111.89750995384614
Stacey Campbell,YNG San Diego,92105,staceycampbell,staceycampbell,+1 (555) 567-9779,stacey.campbell@icloud.com,yes,no,no,no,32.74001288204097,-117.09446547425873
Bradley Berry,YNG Seattle,98113,bradleyberry,bradleyberry,+1 (555) 475-0738,bradley.berry@ucla.edu,no,yes,no,yes,47.68936955,-122.35480585
Amanda Oneal,YNG Los Angeles,90006,NP,NP,+1 (555) 902-4111,amanda.oneal@outlook.com,NP,NP,yes,no,34.04980037777778,-118.28997994482758
Brittney Fields,YNG San Diego,92103,brittneyfields,brittneyfields,+1 (555) 400-5300,brittney.fields@aol.com,no,no,no,no,32.74697101210486,-117.16841155256746
Jason Robertson,YNG San Francisco,94105,jasonrobertson,jasonrobertson,+1 (555) 853-9890,jason.robertson@stanford.edu,no,no,yes,yes,37.788532124747476,-122.39720935454545
Stefanie Ray,YNG LA Universities,90041,stefanieray,stefanieray,NP,stefanie.ray@yahoo.com,yes,yes,NP,yes,34.1326234462963,-118.21113965555556
William Moore,YNG San Francisco,94108,williammoore,williammoore,+1 (555) 259-3385,william.moore@smith.com,no,no,yes,yes,37.790616552549025,-122.40632249019609
Austin Johnson,YNG Los Angeles,90012,austinjohnson,austinjohnson,+1 (555) 013-6927,austin.johnson@walker-ingram.com,yes,yes,no,no,34.057665614962595,-118.23937987980051
Jamie Mays,YNG Seattle,98104,NP,jamiemays,+1 (555) 332-0003,jamie.mays@ucla.edu,NP,no,no,no,47.60163380473738,-122.32918632111225
Catherine Fischer,YNG LA Universities,90042,NP,catherinefischer,NP,catherine.fischer@company.com,NP,yes,NP,no,34.1103185335443,-118.19345727088609
Jason Sanchez,YNG LA Universities,90036,jasonsanchez,NP,NP,jason.sanchez@icloud.com,no,NP,NP,yes,34.06722566217617,-118.35333126943004
Sarah Rodriguez,YNG Los Angeles,90015,sarahrodriguez,sarahrodriguez,NP,sarah.rodriguez@outlook.com,no,yes,NP,yes,34.04001444301994,-118.26274099629629
Aaron Ross,YNG Seattle,98103,aaronross,NP,NP,aaron.ross@aol.com,no,NP,NP,yes,47.67366397819063,-122.34400619761135
Katherine Navarro,YNG LA Universities,90024,NP,katherinenavarro,+1 (555) 355-7040,katherine.navarro@stanford.edu,NP,no,yes,yes,34.06164577459678,-118.4445646641129
Courtney Mcneil,YNG San Diego,92101,courtneymcneil,courtneymcneil,NP,courtney.mcneil@aol.com,yes,yes,NP,no,32.72082406612426,-117.16207764308432
Megan Johnson,YNG Las Vegas,89101,meganjohnson,meganjohnson,+1 (555) 302-1255,megan.johnson@aol.com,no,no,no,no,36.166927711666666,-115.1392646161111
Teresa Young,YNG San Diego,92108,teresayoung,teresayoung,+1 (555) 261-6156,teresa.young@mac.com,no,yes,no,yes,32.774597344770406,-117.13752803890307
Kenneth Smith,YNG Seattle,98107,kennethsmith,kennethsmith,+1 (555) 056-6947,kenneth.smith@richardson.info,no,yes,no,no,47.669277556969114,-122.37647952777958
Mark Ellis,YNG LA Universities,90043,NP,NP,NP,mark.ellis@company.com,NP,NP,NP,no,33.99208529643504,-118.34597650719033
Sara Ibarra,YNG Utah,84105,saraibarra,saraibarra,+1 (555) 133-9474,sara.ibarra@yahoo.com,no,no,yes,yes,40.73777872010927,-111.85961518741138
Carolyn Swanson,YNG Las Vegas,89115,carolynswanson,NP,+1 (555) 162-9689,carolyn.swanson@nelson-dean.biz,yes,NP,yes,no,36.24415265913978,-115.05055500860215
Mark Morgan,YNG Las Vegas,89103,markmorgan,NP,+1 (555) 139-7862,mark.morgan@mac.com,no,NP,no,yes,36.11139455813953,-115.2055480635659
John Howard,YNG San Francisco,94114,johnhoward,johnhoward,+1 (555) 620-5922,john.howard@outlook.com,no,yes,yes,no,37.76158910852018,-122.43637736233184
Jimmy Hunt,YNG Los Angeles,90003,NP,jimmyhunt,+1 (555) 028-2882,jimmy.hunt@yahoo.com,NP,yes,no,yes,33.96916498947368,-118.27548059005846
Troy Rivera,YNG Los Angeles,90016,troyrivera,NP,+1 (555) 818-1270,troy.rivera@mahoney.org,yes,NP,no,yes,34.03107666405959,-118.34381972234638
Kristin Parker,YNG Los Angeles,90016,kristinparker,kristinparker,+1 (555) 353-9294,kristin.parker@yahoo.com,yes,yes,no,no,34.03107666405959,-118.34381972234638
Maureen Mccarty,YNG Utah,84104,NP,NP,NP,maureen.mccarty@stanford.edu,NP,NP,NP,yes,40.741115192358805,-111.93280774850497
Thomas Massey,YNG Las Vegas,89109,thomasmassey,thomasmassey,+1 (555) 226-2534,thomas.massey@gmail.com,yes,yes,no,yes,36.11869316430769,-115.16679650338462
Kimberly Bradford,YNG LA Universities,90043,kimberlybradford,kimberlybradford,+1 (555) 749-4258,kimberly.bradford@icloud.com,yes,yes,no,yes,33.99208529643504,-118.34597650719033
Rachel Burke,YNG Los Angeles,90003,NP,rachelburke,NP,rachel.burke@stanford.edu,NP,yes,NP,yes,33.96916498947368,-118.27548059005846
Steven Ramos,YNG Los Angeles,90014,NP,stevenramos,+1 (555) 751-3170,steven.ramos@stanford.edu,NP,yes,yes,no,34.043170657522126,-118.25211756637168
Cynthia White,YNG Utah,84112,NP,cynthiawhite,+1 (555) 336-9608,cynthia.white@company.com,NP,no,yes,yes,40.76419661020408,-111.84354462142856
Elizabeth Rogers,YNG Los Angeles,90015,elizabethrogers,elizabethrogers,+1 (555) 925-3662,elizabeth.rogers@ucla.edu,no,no,yes,no,34.04001444301994,-118.26274099629629
Jennifer Richmond,YNG San Francisco,94116,jenniferrichmond,jenniferrichmond,+1 (555) 123-5848,jennifer.richmond@outlook.com,yes,yes,no,yes,37.74632291441879,-122.47329442721751
Amanda Tucker,YNG Los Angeles,90003,amandatucker,NP,+1 (555) 392-6565,amanda.tucker@outlook.com,yes,NP,yes,no,33.96916498947368,-118.27548059005846
April Velasquez,YNG San Diego,92102,aprilvelasquez,NP,+1 (555) 187-6236,april.velasquez@icloud.com,yes,NP,yes,yes,32.71536154233766,-117.1193998404278
Kimberly Alvarez,YNG Utah,84116,kimberlyalvarez,NP,+1 (555) 563-9737,kimberly.alvarez@ucla.edu,no,NP,yes,no,40.78606765402901,-111.92881288309832
Matthew Watts,YNG Seattle,98108,NP,matthewwatts,+1 (555) 145-2581,matthew.watts@mac.com,NP,yes,yes,yes,47.54747236369202,-122.31060707138114
David Aguilar,YNG San Diego,92103,davidaguilar,NP,+1 (555) 055-5717,david.aguilar@hubbard.com,no,NP,no,no,32.74697101210486,-117.16841155256746
Maria Carlson,YNG Utah,84116,mariacarlson,mariacarlson,NP,maria.carlson@outlook.com,yes,yes,NP,yes,40.78606765402901,-111.92881288309832
Audrey Kim,YNG San Francisco,94114,audreykim,audreykim,+1 (555) 142-0840,audrey.kim@gmail.com,yes,yes,yes,no,37.76158910852018,-122.43637736233184
Jeremy Smith,YNG Utah,84111,jeremysmith,NP,+1 (555) 997-9874,jeremy.smith@company.com,no,NP,yes,no,40.75204529145455,-111.88275225968182
Melissa Johnson,YNG San Francisco,94117,melissajohnson,melissajohnson,+1 (555) 347-2224,melissa.johnson@ucla.edu,yes,no,no,no,37.767096298840585,-122.45009257518839
Gregory Flores,YNG Los Angeles,90016,gregoryflores,gregoryflores,NP,gregory.flores@ucla.edu,no,no,NP,yes,34.03107666405959,-118.34381972234638
Ryan Silva,YNG LA Universities,90042,ryansilva,ryansilva,+1 (555) 905-2020,ryan.silva@gmail.com,no,no,no,no,34.1103185335443,-118.19345727088609
James Hudson,YNG Las Vegas,89112,jameshudson,jameshudson,NP,james.hudson@aol.com,yes,no,NP,yes,36.0863024,-115.0410112
Austin Mcclure,YNG Seattle,98104,austinmcclure,austinmcclure,+1 (555) 836-7732,austin.mcclure@company.com,yes,yes,yes,no,47.60163380473738,-122.32918632111225
Jeremy Diaz,YNG Seattle,98113,jeremydiaz,jeremydiaz,+1 (555) 770-5053,jeremy.diaz@company.com,yes,no,yes,no,47.68936955,-122.35480585
Justin Blair,YNG San Francisco,94121,justinblair,NP,+1 (555) 812-6601,justin.blair@mac.com,no,NP,yes,no,37.77881306944444,-122.48905604492752
Ronald Wagner,YNG LA Universities,90041,ronaldwagner,ronaldwagner,+1 (555) 707-4744,ronald.wagner@yahoo.com,yes,yes,yes,no,34.1326234462963,-118.21113965555556
Michele Sullivan,YNG Seattle,98111,michelesullivan,NP,NP,michele.sullivan@terry-scott.com,no,NP,NP,yes,,
Taylor Stanley,YNG Las Vegas,89101,taylorstanley,taylorstanley,+1 (555) 356-2395,taylor.stanley@icloud.com,yes,yes,no,yes,36.166927711666666,-115.1392646161111
Laura West,YNG Seattle,98110,NP,laurawest,+1 (555) 612-3672,laura.west@stanford.edu,NP,yes,no,yes,47.63791550334728,-122.52479829790795
Tristan Galvan,YNG Utah,84104,NP,tristangalvan,+1 (555) 082-1860,tristan.galvan@aol.com,NP,no,no,no,40.741115192358805,-111.93280774850497
Carolyn Jones,YNG Las Vegas,89107,NP,NP,+1 (555) 499-0803,carolyn.jones@gmail.com,NP,NP,no,no,36.171054723404254,-115.21739790212767
William Carrillo,YNG Seattle,98116,williamcarrillo,williamcarrillo,+1 (555) 642-6569,william.carrillo@outlook.com,no,yes,yes,yes,47.5739672583109,-122.39417784924855
Caroline Walter,YNG Seattle,98115,NP,carolinewalter,+1 (555) 901-5363,caroline.walter@yahoo.com,NP,no,no,no,47.68457970939674,-122.2999336073585
Joann Allen,YNG Las Vegas,89102,NP,joannallen,+1 (555) 029-6192,joann.allen@stanford.edu,NP,yes,no,no,36.14224322672413,-115.18902681206896
Emily Walker,YNG Seattle,98104,emilywalker,emilywalker,+1 (555) 729-1107,emily.walker@mac.com,yes,yes,no,yes,47.60163380473738,-122.32918632111225
Joseph Stone,YNG San Diego,92111,josephstone,josephstone,+1 (555) 781-4516,joseph.stone@mac.com,yes,no,no,no,32.80063516515932,-117.17300086235451
Kevin Adkins,YNG Seattle,98110,kevinadkins,NP,+1 (555) 950-7792,kevin.adkins@outlook.com,yes,NP,no,no,47.63791550334728,-122.52479829790795
Jessica Hart,YNG Las Vegas,89107,jessicahart,jessicahart,+1 (555) 790-3674,jessica.hart@icloud.com,yes,no,yes,no,36.171054723404254,-115.21739790212767
Julie Osborne,YNG LA Universities,90036,julieosborne,julieosborne,+1 (555) 452-1650,julie.osborne@aol.com,yes,yes,no,no,34.06722566217617,-118.35333126943004
Mike Hooper,YNG Utah,84111,mikehooper,mikehooper,+1 (555) 601-9850,mike.hooper@yahoo.com,yes,yes,no,yes,40.75204529145455,-111.88275225968182
Emily Lynch,YNG Seattle,98112,emilylynch,emilylynch,+1 (555) 212-7953,emily.lynch@pearson.com,no,no,no,no,47.62940494317819,-122.29855891583776
Walter Mosley,YNG Los Angeles,90007,waltermosley,waltermosley,+1 (555) 214-9962,walter.mosley@stanford.edu,yes,yes,no,yes,34.03069760668524,-118.2794813292479
Samuel Ross,YNG San Francisco,94116,samuelross,samuelross,+1 (555) 361-5152,samuel.ross@gmail.com,yes,no,no,yes,37.74632291441879,-122.47329442721751
Derrick Marquez,YNG LA Universities,90024,derrickmarquez,derrickmarquez,+1 (555) 814-8008,derrick.marquez@ucla.edu,yes,no,no,yes,34.06164577459678,-118.4445646641129
Justin Snyder,YNG Seattle,98110,justinsnyder,justinsnyder,NP,justin.snyder@aol.com,no,no,NP,yes,47.63791550334728,-122.52479829790795
Sierra Robinson,YNG San Francisco,94108,sierrarobinson,sierrarobinson,+1 (555) 496-7751,sierra.robinson@outlook.com,no,no,yes,yes,37.790616552549025,-122.40632249019609
Erin Gilbert,YNG Seattle,98112,eringilbert,NP,+1 (555) 890-9933,erin.gilbert@yahoo.com,no,NP,no,yes,47.62940494317819,-122.29855891583776
Peter Ford,YNG LA Universities,90041,NP,NP,NP,peter.ford@gmail.com,NP,NP,NP,yes,34.1326234462963,-118.21113965555556
John Morris,YNG San Francisco,94115,johnmorris,NP,+1 (555) 466-5270,john.morris@harris.com,no,NP,yes,yes,37.7850615469697,-122.43454814898989
Kathy Rivera,YNG Seattle,98101,kathyrivera,kathyrivera,+1 (555) 724-3235,kathy.rivera@gmail.com,yes,no,no,no,47.61075819872804,-122.33619798625075
Matthew Lamb,YNG LA Universities,90039,matthewlamb,NP,+1 (555) 352-1285,matthew.lamb@yahoo.com,yes,NP,yes,yes,34.11432846262626,-118.26331563232324
Brandon Paul,YNG LA Universities,90036,NP,brandonpaul,+1 (555) 028-8179,brandon.paul@gmail.com,NP,yes,no,no,34.06722566217617,-118.35333126943004
Rhonda May,YNG Seattle,98113,rhondamay,rhondamay,+1 (555) 776-0510,rhonda.may@ucla.edu,no,no,no,yes,47.68936955,-122.35480585
Scott Perez,YNG Los Angeles,90014,scottperez,scottperez,+1 (555) 708-4655,scott.perez@moreno-warren.org,yes,no,yes,no,34.043170657522126,-118.25211756637168
Michelle Thompson,YNG San Diego,92114,michellethompson,michellethompson,NP,michelle.thompson@ucla.edu,yes,no,NP,no,32.70640174765625,-117.05330057130207
Courtney Harrison,YNG Utah,84111,courtneyharrison,courtneyharrison,+1 (555) 449-9972,courtney.harrison@ucla.edu,no,yes,no,yes,40.75204529145455,-111.88275225968182
Elizabeth Gates,YNG San Francisco,94108,elizabethgates,elizabethgates,+1 (555) 970-4167,elizabeth.gates@stanford.edu,no,no,no,no,37.790616552549025,-122.40632249019609
John Travis,YNG Los Angeles,90012,johntravis,johntravis,+1 (555) 280-0721,john.travis@outlook.com,no,no,no,yes,34.057665614962595,-118.23937987980051
Brandy Wagner,YNG Los Angeles,90011,brandywagner,brandywagner,+1 (555) 719-2025,brandy.wagner@patterson.com,no,no,no,no,34.009430135350314,-118.25934578152867
Eric Clark,YNG Utah,84108,ericclark,ericclark,+1 (555) 431-5718,eric.clark@icloud.com,no,yes,yes,yes,40.73745373780654,-111.82743855771459
Derrick Williams,YNG Los Angeles,90003,derrickwilliams,derrickwilliams,+1 (555) 642-9132,derrick.williams@company.com,yes,no,yes,no,33.96916498947368,-118.27548059005846
Jodi Skinner,YNG Los Angeles,90014,jodiskinner,jodiskinner,+1 (555) 390-9907,jodi.skinner@company.com,no,no,no,yes,34.043170657522126,-118.25211756637168
Rachel Love,YNG San Francisco,94105,rachellove,rachellove,+1 (555) 679-2020,rachel.love@gmail.com,no,no,yes,yes,37.788532124747476,-122.39720935454545
Taylor Gibbs,YNG Las Vegas,89106,taylorgibbs,taylorgibbs,+1 (555) 061-5001,taylor.gibbs@stanford.edu,yes,yes,yes,yes,36.17634431707317,-115.16155537804877
Amy Johnson,YNG LA Universities,90095,amyjohnson,amyjohnson,+1 (555) 403-1032,amy.johnson@yahoo.com,no,no,yes,no,34.067670815,-118.4438837875
Catherine Hall,YNG Las Vegas,89110,catherinehall,catherinehall,+1 (555) 157-1461,catherine.hall@gmail.com,yes,no,no,yes,36.170392276,-115.067424178
Scott Moss,YNG Los Angeles,90003,scottmoss,scottmoss,NP,scott.moss@icloud.com,yes,yes,NP,no,33.96916498947368,-118.27548059005846
Jacob Hamilton,YNG San Francisco,94118,jacobhamilton,jacobhamilton,+1 (555) 674-6232,jacob.hamilton@osborn.com,yes,yes,no,yes,37.778867734023464,-122.45656833623188
Alexandra Wells,YNG San Diego,92102,alexandrawells,alexandrawells,+1 (555) 121-4652,alexandra.wells@stanford.edu,yes,yes,yes,no,32.71536154233766,-117.1193998404278
Laurie Baker,YNG Las Vegas,89111,lauriebaker,lauriebaker,NP,laurie.baker@icloud.com,yes,yes,NP,yes,36.08173315,-115.14756435
Mr. Hayden Miller Jr.,YNG Los Angeles,90003,mr.haydenmillerjr.,NP,+1 (555) 927-8732,mr..hayden.miller.jr.@icloud.com,yes,NP,no,no,33.96916498947368,-118.27548059005846
Jeffrey Martin,YNG San Francisco,94109,jeffreymartin,jeffreymartin,NP,jeffrey.martin@yahoo.com,no,no,NP,no,37.79351464800591,-122.4202059395864
Heather Johnson,YNG LA Universities,90040,NP,NP,+1 (555) 560-6554,heather.johnson@stanford.edu,NP,NP,no,no,33.99294124649447,-118.1676275787823
Natalie Hartman,YNG San Diego,92104,nataliehartman,NP,NP,natalie.hartman@yahoo.com,yes,NP,NP,no,32.74314012953933,-117.12772859057556
Cynthia Moody,YNG Utah,84108,cynthiamoody,cynthiamoody,+1 (555) 875-3854,cynthia.moody@outlook.com,yes,yes,yes,yes,40.73745373780654,-111.82743855771459
Jake Hutchinson,YNG Las Vegas,89115,jakehutchinson,jakehutchinson,+1 (555) 060-4660,jake.hutchinson@yahoo.com,yes,no,yes,no,36.24415265913978,-115.05055500860215
Steven Lloyd,YNG Los Angeles,90005,stevenlloyd,NP,+1 (555) 065-7468,steven.lloyd@mac.com,no,NP,yes,yes,34.059964260902255,-118.30180669248121
Robert Mullins,YNG Los Angeles,90016,robertmullins,robertmullins,+1 (555) 016-7358,robert.mullins@gmail.com,no,no,yes,yes,34.03107666405959,-118.34381972234638
Albert Forbes,YNG LA Universities,90089,albertforbes,albertforbes,+1 (555) 227-1859,albert.forbes@mac.com,no,yes,no,no,34.02203746949152,-118.28698393050847
Sabrina Gray,YNG Seattle,98113,sabrinagray,NP,+1 (555) 398-5551,sabrina.gray@outlook.com,yes,NP,yes,yes,47.68936955,-122.35480585
Mike Smith,YNG Utah,84114,mikesmith,mikesmith,NP,mike.smith@ucla.edu,yes,no,NP,no,,
Marcus Ford,YNG LA Universities,90039,marcusford,NP,+1 (555) 997-2359,marcus.ford@gmail.com,yes,NP,no,no,34.11432846262626,-118.26331563232324
Alexandria Brown,YNG Utah,84103,alexandriabrown,NP,NP,alexandria.brown@gmail.com,yes,NP,NP,yes,40.77831187884949,-111.872362902659
Stephanie Richardson,YNG San Diego,92110,stephanierichardson,NP,+1 (555) 532-0659,stephanie.richardson@yahoo.com,no,NP,yes,no,32.77009927021764,-117.1986468325697
Savannah Wilson,YNG San Diego,92116,NP,savannahwilson,+1 (555) 909-5812,savannah.wilson@aol.com,NP,yes,yes,no,32.76332234516638,-117.12282521002581
Phillip Horton,YNG San Francisco,94111,NP,philliphorton,+1 (555) 737-8238,phillip.horton@icloud.com,NP,no,yes,no,37.795120261267606,-122.39955978732395
Lisa Howell,YNG Seattle,98113,lisahowell,NP,NP,lisa.howell@company.com,yes,NP,NP,yes,47.68936955,-122.35480585
Wesley Ortiz,YNG Los Angeles,90006,wesleyortiz,wesleyortiz,+1 (555) 423-2943,wesley.ortiz@ucla.edu,yes,yes,yes,no,34.04980037777778,-118.28997994482758
Keith Woodward,YNG Los Angeles,90009,keithwoodward,keithwoodward,+1 (555) 063-2471,keith.woodward@outlook.com,no,yes,no,yes,33.952758,-118.385942
Rebecca Dunn,YNG Los Angeles,90007,rebeccadunn,rebeccadunn,+1 (555) 114-6348,rebecca.dunn@outlook.com,yes,yes,no,no,34.03069760668524,-118.2794813292479
Sherry Byrd,YNG LA Universities,90040,sherrybyrd,sherrybyrd,NP,sherry.byrd@gmail.com,yes,no,NP,no,33.99294124649447,-118.1676275787823
Glenn Leach,YNG Utah,84111,glennleach,NP,+1 (555) 296-9450,glenn.leach@icloud.com,no,NP,yes,yes,40.75204529145455,-111.88275225968182
Justin Rosario,YNG LA Universities,90037,justinrosario,justinrosario,+1 (555) 035-8466,justin.rosario@gmail.com,no,yes,no,yes,34.00457294554974,-118.28413199214658
Colin Perez,YNG Utah,84107,colinperez,colinperez,NP,colin.perez@icloud.com,yes,no,NP,yes,40.64275919912425,-111.87970474318554
Mike Foster,YNG LA Universities,90042,mikefoster,mikefoster,+1 (555) 495-1702,mike.foster@gmail.com,no,yes,yes,no,34.1103185335443,-118.19345727088609
Dennis Pierce,YNG LA Universities,90043,dennispierce,dennispierce,+1 (555) 002-4891,dennis.pierce@company.com,yes,no,yes,no,33.99208529643504,-118.34597650719033
Stephanie Munoz,YNG San Diego,92103,stephaniemunoz,stephaniemunoz,NP,stephanie.munoz@icloud.com,no,no,NP,yes,32.74697101210486,-117.16841155256746
Michael Walton,YNG San Diego,92114,michaelwalton,michaelwalton,+1 (555) 804-5369,michael.walton@gmail.com,no,yes,no,no,32.70640174765625,-117.05330057130207
David Price,YNG Los Angeles,90010,NP,davidprice,+1 (555) 880-5681,david.price@yahoo.com,NP,no,yes,yes,34.061775214893615,-118.30393842978724
Michael Hamilton,YNG Utah,84115,michaelhamilton,michaelhamilton,NP,michael.hamilton@mac.com,no,yes,NP,no,40.731613839683504,-111.88645985818624
Kevin Torres DDS,YNG Los Angeles,90014,NP,NP,NP,kevin.torres.dds@jones.com,NP,NP,NP,no,34.043170657522126,-118.25211756637168
Jennifer Mccarty,YNG San Diego,92104,jennifermccarty,jennifermccarty,+1 (555) 370-1369,jennifer.mccarty@outlook.com,no,no,yes,no,32.74314012953933,-117.12772859057556
Cheryl Robinson,YNG San Diego,92115,cherylrobinson,cherylrobinson,+1 (555) 836-6297,cheryl.robinson@icloud.com,no,no,yes,no,32.761065632043156,-117.07065309806838
Karen Allen,YNG Utah,84102,karenallen,karenallen,+1 (555) 138-1936,karen.allen@company.com,yes,yes,yes,yes,40.75930613235887,-111.86572937133737
Kara Stone,YNG San Diego,92111,karastone,NP,+1 (555) 321-2689,kara.stone@yahoo.com,yes,NP,no,no,32.80063516515932,-117.17300086235451
Joseph Mccoy,YNG San Francisco,94109,josephmccoy,josephmccoy,+1 (555) 958-6497,joseph.mccoy@aol.com,yes,yes,no,no,37.79351464800591,-122.4202059395864
Aaron Gonzales,YNG LA Universities,90043,aarongonzales,aarongonzales,NP,aaron.gonzales@outlook.com,yes,yes,NP,no,33.99208529643504,-118.34597650719033
David Blanchard,YNG Utah,84116,davidblanchard,davidblanchard,NP,david.blanchard@yahoo.com,yes,no,NP,no,40.78606765402901,-111.92881288309832
Ann Nelson,YNG LA Universities,90024,annnelson,annnelson,+1 (555) 499-3208,ann.nelson@icloud.com,yes,yes,no,yes,34.06164577459678,-118.4445646641129
Steven Williams,YNG Las Vegas,89109,stevenwilliams,stevenwilliams,NP,steven.williams@mac.com,yes,yes,NP,no,36.11869316430769,-115.16679650338462
James Thornton,YNG Las Vegas,89103,jamesthornton,jamesthornton,+1 (555) 166-6427,james.thornton@aol.com,yes,no,no,no,36.11139455813953,-115.2055480635659
Robert Giles,YNG Utah,84103,robertgiles,robertgiles,NP,robert.giles@outlook.com,yes,no,NP,yes,40.77831187884949,-111.872362902659
John Mcbride,YNG Los Angeles,90009,johnmcbride,johnmcbride,+1 (555) 229-3997,john.mcbride@company.com,no,yes,no,no,33.952758,-118.385942
Maria Miller,YNG LA Universities,90024,mariamiller,mariamiller,NP,maria.miller@carter.info,yes,yes,NP,yes,34.06164577459678,-118.4445646641129
James Hess,YNG San Diego,92105,NP,jameshess,+1 (555) 438-2483,james.hess@yahoo.com,NP,no,no,yes,32.74001288204097,-117.09446547425873
Mary Castillo,YNG LA Universities,90042,marycastillo,marycastillo,+1 (555) 360-2761,mary.castillo@gmail.com,yes,no,yes,no,34.1103185335443,-118.19345727088609
Jamie Reilly,YNG Los Angeles,90013,jamiereilly,jamiereilly,+1 (555) 620-7223,jamie.reilly@ucla.edu,yes,yes,no,yes,34.04505107228682,-118.24281050697675
Regina Morris,YNG Seattle,98112,reginamorris,NP,+1 (555) 006-2699,regina.morris@gmail.com,no,NP,no,yes,47.62940494317819,-122.29855891583776
Richard Anderson,YNG Las Vegas,89113,richardanderson,NP,+1 (555) 833-1312,richard.anderson@icloud.com,no,NP,yes,yes,36.06050002181818,-115.2671239090909
Eric Ortiz,YNG Las Vegas,89102,ericortiz,ericortiz,+1 (555) 158-7291,eric.ortiz@mac.com,yes,no,yes,no,36.14224322672413,-115.18902681206896
David Stewart,YNG San Francisco,94118,NP,davidstewart,+1 (555) 224-9194,david.stewart@stanford.edu,NP,yes,yes,yes,37.778867734023464,-122.45656833623188
Shelby Perez,YNG Las Vegas,89108,shelbyperez,shelbyperez,+1 (555) 811-5422,shelby.perez@outlook.com,no,yes,yes,yes,36.19747285222222,-115.22834964222221
Tiffany Simpson,YNG San Francisco,94102,tiffanysimpson,tiffanysimpson,NP,tiffany.simpson@stanford.edu,no,yes,NP,yes,37.78238154512195,-122.4153735297561
Katherine Burns,YNG San Francisco,94117,katherineburns,katherineburns,+1 (555) 273-8809,katherine.burns@yahoo.com,yes,yes,no,yes,37.767096298840585,-122.45009257518839
Kayla Davenport,YNG San Diego,92117,NP,kayladavenport,NP,kayla.davenport@icloud.com,NP,no,NP,yes,32.82418340396346,-117.19911553069103
Brenda Martin,YNG Los Angeles,90002,brendamartin,brendamartin,+1 (555) 097-8008,brenda.martin@mac.com,yes,yes,no,no,33.95558161991525,-118.24753149491525
Cassidy Myers,YNG LA Universities,90042,cassidymyers,NP,NP,cassidy.myers@aol.com,no,NP,NP,no,34.1103185335443,-118.19345727088609
Barbara Fernandez,YNG Utah,84108,NP,barbarafernandez,NP,barbara.fernandez@stanford.edu,NP,no,NP,no,40.73745373780654,-111.82743855771459
Alec Foley,YNG Utah,84101,alecfoley,alecfoley,+1 (555) 363-3471,alec.foley@aol.com,no,no,yes,no,40.76142450147929,-111.89750995384614
Jessica Fernandez,YNG LA Universities,90040,jessicafernandez,jessicafernandez,+1 (555) 098-9695,jessica.fernandez@outlook.com,yes,no,no,no,33.99294124649447,-118.1676275787823
Ronald Hutchinson,YNG LA Universities,90038,ronaldhutchinson,ronaldhutchinson,+1 (555) 566-8424,ronald.hutchinson@gmail.com,yes,yes,yes,yes,34.088968077227726,-118.33085199702971
Erik Fisher,YNG Las Vegas,89108,erikfisher,erikfisher,+1 (555) 153-5962,erik.fisher@mac.com,no,no,no,yes,36.19747285222222,-115.22834964222221
Hannah Smith,YNG San Francisco,94121,hannahsmith,hannahsmith,+1 (555) 834-9832,hannah.smith@icloud.com,no,yes,no,yes,37.77881306944444,-122.48905604492752
Ann Mcintosh,YNG Las Vegas,89105,annmcintosh,annmcintosh,+1 (555) 793-6472,ann.mcintosh@icloud.com,yes,no,no,yes,36.0379377,-115.0021466
Holly Lamb,YNG San Francisco,94118,hollylamb,hollylamb,+1 (555) 834-1663,holly.lamb@stanford.edu,yes,yes,yes,no,37.778867734023464,-122.45656833623188
Sarah Powers,YNG San Francisco,94104,sarahpowers,sarahpowers,+1 (555) 991-3749,sarah.powers@gmail.com,no,no,no,no,37.784749314393935,-122.40528080075758
Ricardo Stevenson,YNG Las Vegas,89105,ricardostevenson,NP,+1 (555) 079-5588,ricardo.stevenson@ucla.edu,yes,NP,no,yes,36.0379377,-115.0021466
Debra Trevino,YNG Utah,84108,NP,debratrevino,+1 (555) 442-1529,debra.trevino@yahoo.com,NP,yes,yes,yes,40.73745373780654,-111.82743855771459
Fernando Fisher,YNG San Diego,92115,fernandofisher,fernandofisher,NP,fernando.fisher@gmail.com,no,no,NP,yes,32.761065632043156,-117.07065309806838
Karen Decker,YNG San Diego,92108,karendecker,karendecker,+1 (555) 220-8999,karen.decker@gillespie.com,no,no,yes,no,32.774597344770406,-117.13752803890307
James Freeman,YNG San Diego,92113,jamesfreeman,jamesfreeman,NP,james.freeman@company.com,no,no,NP,no,32.698107316743204,-117.11821616750653
Jennifer Lewis,YNG Los Angeles,90008,jenniferlewis,jenniferlewis,NP,jennifer.lewis@mac.com,yes,yes,NP,yes,34.008551975051546,-118.33036155051546
Kathy Garcia,YNG San Diego,92115,kathygarcia,kathygarcia,+1 (555) 540-3293,kathy.garcia@yahoo.com,yes,no,no,no,32.761065632043156,-117.07065309806838
Timothy Mullen,YNG San Diego,92107,timothymullen,timothymullen,+1 (555) 062-6596,timothy.mullen@outlook.com,no,yes,no,yes,32.73997270045243,-117.24449258917105
Brandon Davis,YNG San Francisco,94104,NP,brandondavis,+1 (555) 760-1672,brandon.davis@icloud.com,NP,no,yes,yes,37.784749314393935,-122.40528080075758
Marcus Woods,YNG Seattle,98105,marcuswoods,NP,NP,marcus.woods@stanford.edu,no,NP,NP,yes,47.664595023654954,-122.29921679623784
Kyle Snyder,YNG LA Universities,90040,NP,kylesnyder,NP,kyle.snyder@gmail.com,NP,yes,NP,yes,33.99294124649447,-118.1676275787823
Steven West,YNG Seattle,98112,NP,stevenwest,+1 (555) 610-1200,steven.west@outlook.com,NP,no,no,no,47.62940494317819,-122.29855891583776
Kevin Gay,YNG Los Angeles,90007,kevingay,kevingay,NP,kevin.gay@stanford.edu,yes,yes,NP,no,34.03069760668524,-118.2794813292479
Christopher Carter,YNG Los Angeles,90008,NP,NP,+1 (555) 261-9348,christopher.carter@icloud.com,NP,NP,yes,yes,34.008551975051546,-118.33036155051546
Richard Mendoza,YNG San Diego,92115,richardmendoza,richardmendoza,+1 (555) 273-9810,richard.mendoza@yahoo.com,yes,no,no,yes,32.761065632043156,-117.07065309806838
Jamie Parks,YNG Los Angeles,90001,jamieparks,jamieparks,NP,jamie.parks@stanford.edu,no,no,NP,no,33.9749214687747,-118.24608792094863
Michael White,YNG Los Angeles,90015,michaelwhite,NP,+1 (555) 195-4980,michael.white@gmail.com,no,NP,no,yes,34.04001444301994,-118.26274099629629
Jody Wagner,YNG San Francisco,94121,jodywagner,jodywagner,+1 (555) 166-8528,jody.wagner@icloud.com,yes,yes,no,yes,37.77881306944444,-122.48905604492752
Lindsey Gonzalez,YNG LA Universities,90028,lindseygonzalez,NP,NP,lindsey.gonzalez@stanford.edu,no,NP,NP,yes,34.10070241783625,-118.32944383421051
Amber Carter,YNG San Diego,92116,NP,ambercarter,+1 (555) 373-4835,amber.carter@gmail.com,NP,yes,no,yes,32.76332234516638,-117.12282521002581
Laurie Michael,YNG Seattle,98108,lauriemichael,lauriemichael,+1 (555) 493-4194,laurie.michael@gmail.com,no,yes,yes,yes,47.54747236369202,-122.31060707138114
Tanner Salazar,YNG San Francisco,94107,tannersalazar,tannersalazar,+1 (555) 573-4210,tanner.salazar@company.com,yes,no,no,yes,37.783257284117646,-122.40295517617648
Glenn Mcclure,YNG LA Universities,90038,NP,NP,+1 (555) 887-9107,glenn.mcclure@stanford.edu,NP,NP,yes,no,34.088968077227726,-118.33085199702971
Casey Torres,YNG Utah,84101,caseytorres,caseytorres,+1 (555) 045-8484,casey.torres@gmail.com,no,yes,yes,no,40.76142450147929,-111.89750995384614
Troy Hernandez,YNG LA Universities,90040,troyhernandez,troyhernandez,NP,troy.hernandez@mac.com,yes,no,NP,no,33.99294124649447,-118.1676275787823
Brian Wood MD,YNG Seattle,98115,brianwoodmd,NP,NP,brian.wood.md@mac.com,yes,NP,NP,yes,47.68457970939674,-122.2999336073585
Kyle Molina,YNG Seattle,98116,kylemolina,NP,+1 (555) 624-0182,kyle.molina@mac.com,no,NP,no,yes,47.5739672583109,-122.39417784924855
Summer Contreras,YNG San Diego,92116,summercontreras,NP,+1 (555) 812-1970,summer.contreras@yahoo.com,no,NP,yes,no,32.76332234516638,-117.12282521002581
Walter Walker,YNG Utah,84109,walterwalker,NP,+1 (555) 488-9040,walter.walker@company.com,no,NP,yes,yes,40.71942042691722,-111.82023214900966
Sandra Hardin,YNG LA Universities,90028,sandrahardin,sandrahardin,+1 (555) 204-6611,sandra.hardin@stanford.edu,no,yes,no,yes,34.10070241783625,-118.32944383421051
Jeffrey Simmons,YNG San Francisco,94118,jeffreysimmons,jeffreysimmons,NP,jeffrey.simmons@mac.com,yes,yes,NP,yes,37.778867734023464,-122.45656833623188
Michelle Rodriguez,YNG LA Universities,90043,michellerodriguez,michellerodriguez,NP,michelle.rodriguez@collins.com,yes,yes,NP,yes,33.99208529643504,-118.34597650719033
Katrina Contreras,YNG Las Vegas,89101,katrinacontreras,katrinacontreras,NP,katrina.contreras@gmail.com,yes,no,NP,yes,36.166927711666666,-115.1392646161111
Sylvia Campos,YNG Seattle,98106,sylviacampos,NP,+1 (555) 653-2080,sylvia.campos@icloud.com,no,NP,yes,yes,47.53558281677375,-122.35585720231757
Anthony Adams,YNG Los Angeles,90014,anthonyadams,NP,NP,anthony.adams@outlook.com,yes,NP,NP,yes,34.043170657522126,-118.25211756637168
Kristen George,YNG San Francisco,94116,NP,kristengeorge,+1 (555) 059-0385,kristen.george@stanford.edu,NP,no,yes,yes,37.74632291441879,-122.47329442721751
Sydney Herrera,YNG San Francisco,94102,sydneyherrera,NP,+1 (555) 806-7637,sydney.herrera@company.com,no,NP,yes,yes,37.78238154512195,-122.4153735297561
Carolyn Newman,YNG LA Universities,90037,carolynnewman,carolynnewman,+1 (555) 166-6721,carolyn.newman@ucla.edu,no,yes,yes,yes,34.00457294554974,-118.28413199214658
Dr. Robert Pena,YNG Seattle,98105,NP,dr.robertpena,+1 (555) 676-2822,dr..robert.pena@icloud.com,NP,yes,no,no,47.664595023654954,-122.29921679623784
Nicholas Scott,YNG Las Vegas,89115,nicholasscott,nicholasscott,+1 (555) 543-1143,nicholas.scott@icloud.com,yes,no,no,no,36.24415265913978,-115.05055500860215
Nicole Simmons,YNG San Diego,92104,NP,nicolesimmons,+1 (555) 055-3643,nicole.simmons@outlook.com,NP,yes,yes,yes,32.74314012953933,-117.12772859057556
Peter Rogers,YNG Las Vegas,89101,peterrogers,NP,+1 (555) 795-2378,peter.rogers@ucla.edu,yes,NP,no,no,36.166927711666666,-115.1392646161111
Krista Hamilton,YNG LA Universities,90035,kristahamilton,kristahamilton,+1 (555) 460-4720,krista.hamilton@company.com,no,yes,yes,yes,34.052612885326084,-118.38660384184783
Melissa Simmons,YNG Utah,84104,melissasimmons,melissasimmons,+1 (555) 167-2197,melissa.simmons@yahoo.com,yes,no,yes,yes,40.741115192358805,-111.93280774850497
Jeffrey Perez,YNG Utah,84116,jeffreyperez,jeffreyperez,+1 (555) 335-5295,jeffrey.perez@mac.com,yes,no,yes,yes,40.78606765402901,-111.92881288309832
William King,YNG San Francisco,94118,williamking,NP,+1 (555) 556-2131,william.king@hebert.com,no,NP,no,yes,37.778867734023464,-122.45656833623188
Sharon Fisher,YNG Utah,84114,sharonfisher,sharonfisher,+1 (555) 114-0543,sharon.fisher@aol.com,yes,no,yes,yes,,
Catherine Horne,YNG Los Angeles,90014,NP,catherinehorne,NP,catherine.horne@stanford.edu,NP,no,NP,yes,34.043170657522126,-118.25211756637168
Stacey Pierce,YNG Seattle,98114,staceypierce,staceypierce,NP,stacey.pierce@aol.com,yes,no,NP,yes,,
Brandy Freeman,YNG Seattle,98101,brandyfreeman,NP,NP,brandy.freeman@outlook.com,yes,NP,NP,no,47.61075819872804,-122.33619798625075
Edward Jackson,YNG San Diego,92106,edwardjackson,edwardjackson,NP,edward.jackson@mac.com,yes,no,NP,no,32.72937961226145,-117.23143698621855
Mark Dominguez,YNG Utah,84102,NP,markdominguez,+1 (555) 742-0310,mark.dominguez@gmail.com,NP,no,no,yes,40.75930613235887,-111.86572937133737
David Odonnell,YNG San Francisco,94115,davidodonnell,NP,+1 (555) 752-2070,david.odonnell@ucla.edu,no,NP,yes,no,37.7850615469697,-122.43454814898989
Colton Cook,YNG LA Universities,90025,coltoncook,coltoncook,+1 (555) 019-3946,colton.cook@icloud.com,yes,no,no,yes,34.04410998329571,-118.45241107810382
Kevin Johnson,YNG San Diego,92101,kevinjohnson,kevinjohnson,+1 (555) 622-5428,kevin.johnson@gmail.com,no,no,yes,no,32.72082406612426,-117.16207764308432
William Parsons,YNG Utah,84104,williamparsons,williamparsons,NP,william.parsons@ucla.edu,no,no,NP,yes,40.741115192358805,-111.93280774850497
Beth Stewart,YNG San Francisco,94109,bethstewart,bethstewart,+1 (555) 659-6367,beth.stewart@stanford.edu,no,no,no,no,37.79351464800591,-122.4202059395864
Danielle Carroll,YNG San Diego,92104,daniellecarroll,NP,NP,danielle.carroll@outlook.com,no,NP,NP,no,32.74314012953933,-117.12772859057556
Dr. Kaitlyn Anderson,YNG Las Vegas,89103,NP,NP,+1 (555) 236-3393,dr..kaitlyn.anderson@mac.com,NP,NP,yes,yes,36.11139455813953,-115.2055480635659
Kathryn Marshall,YNG Los Angeles,90009,kathrynmarshall,NP,NP,kathryn.marshall@outlook.com,no,NP,NP,yes,33.952758,-118.385942
David Fuller,YNG LA Universities,90089,davidfuller,davidfuller,+1 (555) 114-1067,david.fuller@ucla.edu,yes,yes,no,yes,34.02203746949152,-118.28698393050847
Bonnie Jones,YNG San Diego,92117,bonniejones,NP,+1 (555) 201-2272,bonnie.jones@outlook.com,yes,NP,yes,no,32.82418340396346,-117.19911553069103
Sandra Snyder,YNG San Diego,92107,sandrasnyder,sandrasnyder,NP,sandra.snyder@ucla.edu,yes,yes,NP,no,32.73997270045243,-117.24449258917105
Mark Edwards,YNG LA Universities,90038,NP,markedwards,NP,mark.edwards@mosley-shepherd.com,NP,no,NP,yes,34.088968077227726,-118.33085199702971
Ann Patterson,YNG San Diego,92111,annpatterson,annpatterson,+1 (555) 720-5612,ann.patterson@icloud.com,yes,yes,yes,yes,32.80063516515932,-117.17300086235451
Benjamin Young,YNG Seattle,98114,benjaminyoung,benjaminyoung,+1 (555) 477-0860,benjamin.young@outlook.com,no,yes,no,yes,,
Bobby Howard,YNG Las Vegas,89116,bobbyhoward,bobbyhoward,+1 (555) 623-6838,bobby.howard@mac.com,yes,no,no,yes,,
Michael Bell,YNG Seattle,98107,NP,michaelbell,+1 (555) 521-2235,michael.bell@aol.com,NP,yes,yes,no,47.669277556969114,-122.37647952777958
Lauren Smith,YNG Utah,84112,laurensmith,laurensmith,+1 (555) 578-6442,lauren.smith@icloud.com,yes,no,yes,yes,40.76419661020408,-111.84354462142856
Jessica Holloway,YNG Seattle,98115,jessicaholloway,jessicaholloway,+1 (555) 525-6342,jessica.holloway@ucla.edu,yes,yes,yes,yes,47.68457970939674,-122.2999336073585
Charles Thomas,YNG Seattle,98112,charlesthomas,NP,NP,charles.thomas@ucla.edu,no,NP,NP,no,47.62940494317819,-122.29855891583776
Jeffrey Lee,YNG Los Angeles,90005,jeffreylee,NP,+1 (555) 549-9793,jeffrey.lee@gmail.com,yes,NP,no,yes,34.059964260902255,-118.30180669248121
Peter Schmidt,YNG San Diego,92103,peterschmidt,peterschmidt,+1 (555) 455-4694,peter.schmidt@mac.com,yes,yes,yes,no,32.74697101210486,-117.16841155256746
Courtney Henderson,YNG San Diego,92108,courtneyhenderson,courtneyhenderson,+1 (555) 646-6976,courtney.henderson@ucla.edu,no,no,yes,yes,32.774597344770406,-117.13752803890307
Nicholas Lloyd,YNG Los Angeles,90002,nicholaslloyd,nicholaslloyd,+1 (555) 915-1787,nicholas.lloyd@stanford.edu,yes,no,yes,no,33.95558161991525,-118.24753149491525
Tyler Andrade,YNG Las Vegas,89102,tylerandrade,NP,+1 (555) 445-3148,tyler.andrade@mac.com,no,NP,no,no,36.14224322672413,-115.18902681206896
Kelly Maddox,YNG San Diego,92103,kellymaddox,kellymaddox,+1 (555) 327-2824,kelly.maddox@stanford.edu,yes,no,no,no,32.74697101210486,-117.16841155256746
Shannon Taylor,YNG Seattle,98109,shannontaylor,shannontaylor,NP,shannon.taylor@outlook.com,yes,no,NP,yes,47.63319124741345,-122.34864867968564
Toni Mullins,YNG Los Angeles,90012,tonimullins,tonimullins,NP,toni.mullins@stanford.edu,yes,no,NP,no,34.057665614962595,-118.23937987980051
Jason Horn,YNG San Diego,92117,jasonhorn,jasonhorn,+1 (555) 380-8310,jason.horn@gmail.com,no,no,yes,yes,32.82418340396346,-117.19911553069103
Nicole Sutton,YNG Los Angeles,90001,nicolesutton,nicolesutton,NP,nicole.sutton@aol.com,yes,yes,NP,no,33.9749214687747,-118.24608792094863
Kent Eaton,YNG Los Angeles,90005,kenteaton,NP,+1 (555) 740-1330,kent.eaton@outlook.com,yes,NP,yes,yes,34.059964260902255,-118.30180669248121
Brendan Greer,YNG San Francisco,94117,NP,brendangreer,NP,brendan.greer@stanford.edu,NP,yes,NP,no,37.767096298840585,-122.45009257518839
Michael Manning,YNG Utah,84114,michaelmanning,michaelmanning,+1 (555) 187-0397,michael.manning@company.com,yes,yes,no,yes,,
Olivia Harris,YNG Seattle,98104,oliviaharris,oliviaharris,+1 (555) 727-0739,olivia.harris@yahoo.com,no,no,yes,no,47.60163380473738,-122.32918632111225
Michael Sanchez,YNG Utah,84102,michaelsanchez,michaelsanchez,+1 (555) 255-5759,michael.sanchez@icloud.com,no,yes,yes,no,40.75930613235887,-111.86572937133737
Dustin Lopez MD,YNG San Francisco,94118,dustinlopezmd,dustinlopezmd,+1 (555) 495-4471,dustin.lopez.md@branch.com,yes,no,no,yes,37.778867734023464,-122.45656833623188
Elizabeth Hall,YNG LA Universities,90089,elizabethhall,elizabethhall,+1 (555) 475-6451,elizabeth.hall@mac.com,yes,no,yes,yes,34.02203746949152,-118.28698393050847
Luis Gonzalez,YNG Utah,84104,luisgonzalez,NP,+1 (555) 031-4237,luis.gonzalez@company.com,no,NP,yes,yes,40.741115192358805,-111.93280774850497
Tara Navarro,YNG Los Angeles,90005,taranavarro,taranavarro,+1 (555) 508-9268,tara.navarro@stanford.edu,yes,no,no,no,34.059964260902255,-118.30180669248121
Phillip Bates,YNG Las Vegas,89110,phillipbates,phillipbates,NP,phillip.bates@company.com,no,no,NP,yes,36.170392276,-115.067424178
Austin Perry,YNG Utah,84102,austinperry,NP,+1 (555) 027-3308,austin.perry@mac.com,yes,NP,yes,no,40.75930613235887,-111.86572937133737
Anna Greene,YNG Utah,84101,annagreene,annagreene,+1 (555) 272-8422,anna.greene@aol.com,no,no,yes,yes,40.76142450147929,-111.89750995384614
Dana Sanders,YNG Las Vegas,89116,danasanders,NP,+1 (555) 957-6823,dana.sanders@icloud.com,no,NP,no,yes,,
Mary Hanna,YNG LA Universities,90028,maryhanna,maryhanna,+1 (555) 839-7006,mary.hanna@aol.com,yes,yes,no,yes,34.10070241783625,-118.32944383421051
James Perry,YNG Utah,84115,jamesperry,jamesperry,NP,james.perry@mac.com,yes,yes,NP,yes,40.731613839683504,-111.88645985818624
Deborah Fowler,YNG LA Universities,90089,NP,deborahfowler,NP,deborah.fowler@company.com,NP,yes,NP,yes,34.02203746949152,-118.28698393050847
Mr. Paul Rodriguez,YNG Las Vegas,89106,mr.paulrodriguez,mr.paulrodriguez,+1 (555) 379-7364,mr..paul.rodriguez@yahoo.com,no,yes,no,no,36.17634431707317,-115.16155537804877
David Olsen,YNG LA Universities,90034,NP,davidolsen,+1 (555) 891-4592,david.olsen@spencer.com,NP,no,no,yes,34.03121448737864,-118.39793432888351
Lindsey Martinez,YNG Los Angeles,90004,lindseymartinez,lindseymartinez,NP,lindsey.martinez@outlook.com,no,yes,NP,yes,34.07343115416667,-118.300806646875
Amanda Harris,YNG Seattle,98107,amandaharris,amandaharris,+1 (555) 369-6505,amanda.harris@patterson-price.com,no,yes,yes,yes,47.669277556969114,-122.37647952777958
Michael Elliott,YNG San Diego,92106,michaelelliott,michaelelliott,+1 (555) 827-3744,michael.elliott@fletcher.com,no,no,no,yes,32.72937961226145,-117.23143698621855
Barry Robertson,YNG Las Vegas,89115,barryrobertson,barryrobertson,NP,barry.robertson@outlook.com,yes,no,NP,yes,36.24415265913978,-115.05055500860215
Kent Lutz,YNG San Francisco,94103,kentlutz,kentlutz,NP,kent.lutz@icloud.com,yes,yes,NP,no,37.77462658826869,-122.41115027729423
Barbara Lopez,YNG Los Angeles,90003,barbaralopez,NP,+1 (555) 302-7210,barbara.lopez@stanford.edu,yes,NP,yes,yes,33.96916498947368,-118.27548059005846
Melissa Hernandez,YNG LA Universities,90034,melissahernandez,melissahernandez,NP,melissa.hernandez@yahoo.com,no,yes,NP,yes,34.03121448737864,-118.39793432888351
Geoffrey Rodgers,YNG San Francisco,94104,geoffreyrodgers,geoffreyrodgers,+1 (555) 886-1154,geoffrey.rodgers@outlook.com,no,yes,no,yes,37.784749314393935,-122.40528080075758
Kathryn Buckley,YNG San Diego,92109,kathrynbuckley,NP,+1 (555) 057-0804,kathryn.buckley@outlook.com,no,NP,yes,no,32.79742543951647,-117.24333717347025
Allen Ross,YNG San Francisco,94105,allenross,allenross,+1 (555) 034-8803,allen.ross@company.com,yes,no,no,no,37.788532124747476,-122.39720935454545
Greg Spencer,YNG Utah,84116,NP,gregspencer,+1 (555) 358-5491,greg.spencer@watson.biz,NP,yes,no,no,40.78606765402901,-111.92881288309832
Patrick Hart,YNG San Diego,92113,patrickhart,patrickhart,+1 (555) 419-9416,patrick.hart@ucla.edu,no,no,yes,yes,32.698107316743204,-117.11821616750653
Casey Martin,YNG Seattle,98107,caseymartin,NP,+1 (555) 262-9425,casey.martin@stanford.edu,no,NP,yes,yes,47.669277556969114,-122.37647952777958
Steven Allen,YNG Las Vegas,89110,stevenallen,stevenallen,+1 (555) 163-7196,steven.allen@yahoo.com,no,yes,yes,no,36.170392276,-115.067424178
Thomas King,YNG Utah,84104,thomasking,thomasking,+1 (555) 275-0677,thomas.king@company.com,no,no,no,yes,40.741115192358805,-111.93280774850497
Sean Ruiz,YNG San Diego,92109,seanruiz,NP,+1 (555) 485-7487,sean.ruiz@ucla.edu,yes,NP,yes,no,32.79742543951647,-117.24333717347025
Lauren Lopez,YNG San Diego,92117,laurenlopez,laurenlopez,NP,lauren.lopez@company.com,no,yes,NP,yes,32.82418340396346,-117.19911553069103
William Carpenter,YNG LA Universities,90041,williamcarpenter,williamcarpenter,+1 (555) 362-2249,william.carpenter@company.com,yes,yes,no,yes,34.1326234462963,-118.21113965555556
Brandon Roberts,YNG San Francisco,94110,brandonroberts,brandonroberts,NP,brandon.roberts@ucla.edu,yes,yes,NP,yes,37.76890161721854,-122.35280078653422
Troy Nelson,YNG Las Vegas,89113,troynelson,troynelson,NP,troy.nelson@boyd.com,no,yes,NP,no,36.06050002181818,-115.2671239090909
Mackenzie Fox,YNG San Francisco,94111,mackenziefox,NP,NP,mackenzie.fox@mac.com,yes,NP,NP,yes,37.795120261267606,-122.39955978732395
Katelyn Walls,YNG Utah,84114,katelynwalls,NP,+1 (555) 848-7546,katelyn.walls@stanford.edu,no,NP,no,no,,
Andrea Livingston,YNG Utah,84108,andrealivingston,andrealivingston,+1 (555) 426-2834,andrea.livingston@freeman.com,no,no,yes,yes,40.73745373780654,-111.82743855771459
Erica Hernandez,YNG San Francisco,94112,ericahernandez,ericahernandez,+1 (555) 818-7859,erica.hernandez@mac.com,no,no,no,yes,37.72178752823529,-122.44527750764706
Stephanie Coffey,YNG San Diego,92103,stephaniecoffey,stephaniecoffey,+1 (555) 676-7803,stephanie.coffey@company.com,no,no,no,yes,32.74697101210486,-117.16841155256746
Kurt Love,YNG Las Vegas,89107,kurtlove,kurtlove,+1 (555) 447-7075,kurt.love@mac.com,no,no,no,yes,36.171054723404254,-115.21739790212767
Miranda Lopez,YNG LA Universities,90043,mirandalopez,mirandalopez,NP,miranda.lopez@ucla.edu,no,yes,NP,yes,33.99208529643504,-118.34597650719033
Kimberly Salazar MD,YNG Las Vegas,89115,kimberlysalazarmd,kimberlysalazarmd,NP,kimberly.salazar.md@company.com,yes,yes,NP,no,36.24415265913978,-115.05055500860215
Samantha Hernandez,YNG Los Angeles,90011,samanthahernandez,samanthahernandez,NP,samantha.hernandez@outlook.com,yes,no,NP,no,34.009430135350314,-118.25934578152867
Frank Hamilton,YNG LA Universities,90042,frankhamilton,NP,+1 (555) 692-0691,frank.hamilton@ucla.edu,no,NP,yes,yes,34.1103185335443,-118.19345727088609
Danny Johnson,YNG Seattle,98106,dannyjohnson,dannyjohnson,NP,danny.johnson@company.com,no,no,NP,yes,47.53558281677375,-122.35585720231757
Ann Johnson,YNG LA Universities,90024,annjohnson,NP,+1 (555) 925-4050,ann.johnson@yahoo.com,yes,NP,yes,yes,34.06164577459678,-118.4445646641129
Lindsay Little,YNG Las Vegas,89116,lindsaylittle,lindsaylittle,+1 (555) 609-6878,lindsay.little@gmail.com,yes,yes,yes,no,,
James Santiago,YNG San Francisco,94105,jamessantiago,jamessantiago,NP,james.santiago@stanford.edu,no,no,NP,yes,37.788532124747476,-122.39720935454545
Brandon Molina,YNG Utah,84106,brandonmolina,brandonmolina,+1 (555) 838-7352,brandon.molina@aol.com,yes,no,yes,yes,40.714016591625615,-111.85534521192822
Tamara Duncan,YNG LA Universities,90043,tamaraduncan,NP,+1 (555) 291-0717,tamara.duncan@fuentes.com,no,NP,yes,no,33.99208529643504,-118.34597650719033
Christopher Hayes,YNG Las Vegas,89103,NP,christopherhayes,+1 (555) 714-4418,christopher.hayes@yahoo.com,NP,yes,no,no,36.11139455813953,-115.2055480635659
Jordan Lindsey,YNG Los Angeles,90012,NP,jordanlindsey,+1 (555) 697-4790,jordan.lindsey@ucla.edu,NP,no,no,yes,34.057665614962595,-118.23937987980051
Adam Rodriguez,YNG Los Angeles,90013,NP,adamrodriguez,+1 (555) 142-8025,adam.rodriguez@stanford.edu,NP,yes,yes,yes,34.04505107228682,-118.24281050697675
Sue Flynn,YNG San Francisco,94121,sueflynn,NP,+1 (555) 068-0153,sue.flynn@stanford.edu,no,NP,no,yes,37.77881306944444,-122.48905604492752
Eric Hill,YNG San Diego,92115,erichill,erichill,+1 (555) 063-4692,eric.hill@mac.com,no,yes,yes,no,32.761065632043156,-117.07065309806838
Katie Martinez,YNG Utah,84113,katiemartinez,katiemartinez,+1 (555) 720-9797,katie.martinez@yahoo.com,yes,no,no,yes,40.76585843703704,-111.83309614320989
Suzanne Schmidt,YNG LA Universities,90028,suzanneschmidt,suzanneschmidt,+1 (555) 366-7171,suzanne.schmidt@outlook.com,no,no,no,yes,34.10070241783625,-118.32944383421051
Christopher Shah,YNG San Diego,92105,christophershah,christophershah,+1 (555) 753-7854,christopher.shah@mac.com,no,yes,no,yes,32.74001288204097,-117.09446547425873
Crystal Henson,YNG Los Angeles,90007,NP,crystalhenson,+1 (555) 787-7432,crystal.henson@rhodes.info,NP,yes,no,no,34.03069760668524,-118.2794813292479
Aaron Stewart,YNG San Francisco,94121,NP,aaronstewart,+1 (555) 633-9455,aaron.stewart@outlook.com,NP,yes,yes,no,37.77881306944444,-122.48905604492752
Alexis Hall,YNG Seattle,98116,alexishall,alexishall,+1 (555) 751-0444,alexis.hall@yahoo.com,yes,yes,yes,yes,47.5739672583109,-122.39417784924855
David James,YNG LA Universities,90089,NP,davidjames,+1 (555) 273-4532,david.james@stanford.edu,NP,yes,yes,yes,34.02203746949152,-118.28698393050847
Jamie Holmes,YNG San Diego,92114,jamieholmes,jamieholmes,+1 (555) 281-9331,jamie.holmes@yahoo.com,no,yes,yes,no,32.70640174765625,-117.05330057130207
Bianca Smith,YNG San Diego,92116,biancasmith,biancasmith,+1 (555) 844-4748,bianca.smith@company.com,yes,no,yes,yes,32.76332234516638,-117.12282521002581
Mary Bell,YNG Utah,84111,marybell,marybell,+1 (555) 778-8853,mary.bell@stanford.edu,yes,no,yes,yes,40.75204529145455,-111.88275225968182
Ronald Simmons,YNG Las Vegas,89102,ronaldsimmons,NP,+1 (555) 291-6306,ronald.simmons@icloud.com,no,NP,no,yes,36.14224322672413,-115.18902681206896
Kyle Davis,YNG San Diego,92107,kyledavis,NP,NP,kyle.davis@gmail.com,yes,NP,NP,yes,32.73997270045243,-117.24449258917105
Nicole Johnson,YNG LA Universities,90027,nicolejohnson,nicolejohnson,+1 (555) 670-4335,nicole.johnson@aol.com,no,yes,no,yes,34.10375046818182,-118.29103406915584
Hunter Francis,YNG Las Vegas,89104,hunterfrancis,hunterfrancis,NP,hunter.francis@outlook.com,no,yes,NP,yes,36.15230214268293,-115.12275265894309
Kenneth Perry,YNG Utah,84109,kennethperry,NP,+1 (555) 176-4601,kenneth.perry@stanford.edu,no,NP,no,no,40.71942042691722,-111.82023214900966
Bryan Velasquez,YNG Las Vegas,89105,bryanvelasquez,bryanvelasquez,+1 (555) 434-6546,bryan.velasquez@gmail.com,no,yes,yes,yes,36.0379377,-115.0021466
Amy Long,YNG Los Angeles,90013,amylong,amylong,+1 (555) 468-2144,amy.long@gmail.com,no,yes,no,no,34.04505107228682,-118.24281050697675
Anna Fuentes,YNG Seattle,98114,annafuentes,annafuentes,+1 (555) 227-3207,anna.fuentes@gmail.com,yes,yes,no,yes,,
Anthony Frost,YNG San Diego,92104,anthonyfrost,NP,+1 (555) 272-3580,anthony.frost@company.com,yes,NP,yes,yes,32.74314012953933,-117.12772859057556
Miranda Reilly,YNG San Diego,92101,mirandareilly,mirandareilly,NP,miranda.reilly@mcmahon.com,yes,no,NP,yes,32.72082406612426,-117.16207764308432
Brenda Norris,YNG San Diego,92106,brendanorris,brendanorris,NP,brenda.norris@outlook.com,yes,no,NP,yes,32.72937961226145,-117.23143698621855
Beth Herrera,YNG LA Universities,90024,bethherrera,bethherrera,+1 (555) 363-6145,beth.herrera@icloud.com,yes,yes,no,no,34.06164577459678,-118.4445646641129
Paige Johns,YNG Utah,84104,paigejohns,NP,+1 (555) 958-8393,paige.johns@yahoo.com,no,NP,no,yes,40.741115192358805,-111.93280774850497
Joseph Lambert,YNG Seattle,98103,josephlambert,josephlambert,+1 (555) 185-8521,joseph.lambert@aol.com,no,no,no,no,47.67366397819063,-122.34400619761135
Sarah George,YNG San Francisco,94111,sarahgeorge,sarahgeorge,+1 (555) 439-9285,sarah.george@yahoo.com,no,no,no,yes,37.795120261267606,-122.39955978732395
Peggy Walker,YNG Los Angeles,90012,peggywalker,peggywalker,+1 (555) 549-2979,peggy.walker@gmail.com,no,yes,yes,no,34.057665614962595,-118.23937987980051
William Lin,YNG San Francisco,94121,williamlin,williamlin,+1 (555) 932-3241,william.lin@icloud.com,no,no,yes,yes,37.77881306944444,-122.48905604492752
Crystal Adams,YNG Utah,84109,NP,NP,NP,crystal.adams@gmail.com,NP,NP,NP,yes,40.71942042691722,-111.82023214900966
Luis Curry,YNG Utah,84101,luiscurry,NP,NP,luis.curry@aol.com,no,NP,NP,yes,40.76142450147929,-111.89750995384614
Brittany Crawford,YNG Utah,84116,brittanycrawford,brittanycrawford,+1 (555) 729-2652,brittany.crawford@aol.com,yes,no,no,yes,40.78606765402901,-111.92881288309832
Lawrence Clark,YNG San Diego,92110,lawrenceclark,lawrenceclark,+1 (555) 473-0618,lawrence.clark@icloud.com,no,no,yes,yes,32.77009927021764,-117.1986468325697
Tommy Houston,YNG Las Vegas,89115,tommyhouston,tommyhouston,+1 (555) 598-4994,tommy.houston@yahoo.com,yes,yes,yes,no,36.24415265913978,-115.05055500860215
Wesley Clark,YNG San Francisco,94112,wesleyclark,wesleyclark,+1 (555) 316-8066,wesley.clark@company.com,yes,no,yes,no,37.72178752823529,-122.44527750764706
Pamela Bautista,YNG LA Universities,90028,NP,pamelabautista,+1 (555) 205-1943,pamela.bautista@company.com,NP,no,yes,no,34.10070241783625,-118.32944383421051
Justin Clarke,YNG San Francisco,94121,NP,justinclarke,+1 (555) 662-2736,justin.clarke@outlook.com,NP,no,yes,no,37.77881306944444,-122.48905604492752
Jason Glover,YNG Las Vegas,89104,jasonglover,jasonglover,NP,jason.glover@outlook.com,no,no,NP,yes,36.15230214268293,-115.12275265894309
Jasmine Johnson,YNG Seattle,98112,jasminejohnson,jasminejohnson,+1 (555) 839-8991,jasmine.johnson@gmail.com,yes,no,yes,yes,47.62940494317819,-122.29855891583776
Tammy Gonzales,YNG LA Universities,90025,NP,NP,+1 (555) 351-6727,tammy.gonzales@outlook.com,NP,NP,no,no,34.04410998329571,-118.45241107810382
James James,YNG Los Angeles,90016,NP,jamesjames,NP,james.james@williams.com,NP,yes,NP,yes,34.03107666405959,-118.34381972234638
Andrea Cross,YNG Las Vegas,89112,andreacross,NP,+1 (555) 349-3332,andrea.cross@icloud.com,yes,NP,no,yes,36.0863024,-115.0410112
Jose Morris,YNG San Francisco,94107,josemorris,josemorris,+1 (555) 554-8107,jose.morris@gmail.com,no,yes,no,no,37.783257284117646,-122.40295517617648
John Coleman,YNG Utah,84104,johncoleman,NP,NP,john.coleman@yahoo.com,no,NP,NP,no,40.741115192358805,-111.93280774850497
Tracy Hernandez,YNG Los Angeles,90009,tracyhernandez,NP,NP,tracy.hernandez@company.com,no,NP,NP,yes,33.952758,-118.385942
John Lyons,YNG Utah,84103,johnlyons,johnlyons,+1 (555) 162-6443,john.lyons@yahoo.com,no,yes,yes,no,40.77831187884949,-111.872362902659
Cynthia Harris,YNG Los Angeles,90008,cynthiaharris,cynthiaharris,+1 (555) 366-2801,cynthia.harris@company.com,no,yes,no,yes,34.008551975051546,-118.33036155051546
Gene Fields,YNG San Francisco,94117,genefields,genefields,+1 (555) 272-3639,gene.fields@company.com,yes,no,no,yes,37.767096298840585,-122.45009257518839
Thomas Morgan,YNG LA Universities,90038,thomasmorgan,thomasmorgan,+1 (555) 993-3526,thomas.morgan@stanford.edu,no,no,no,yes,34.088968077227726,-118.33085199702971
Jacqueline Smith,YNG Utah,84104,jacquelinesmith,NP,+1 (555) 628-2527,jacqueline.smith@company.com,no,NP,no,no,40.741115192358805,-111.93280774850497
Chloe Garcia,YNG San Francisco,94105,NP,chloegarcia,NP,chloe.garcia@stanford.edu,NP,no,NP,yes,37.788532124747476,-122.39720935454545
Angela Meyer,YNG San Francisco,94115,angelameyer,angelameyer,+1 (555) 891-1143,angela.meyer@yahoo.com,yes,no,no,no,37.7850615469697,-122.43454814898989
Tom Archer,YNG Seattle,98114,NP,tomarcher,+1 (555) 257-1086,tom.archer@wolfe-fitzgerald.net,NP,no,no,no,,
Mrs. Elaine Long,YNG LA Universities,90038,mrs.elainelong,mrs.elainelong,+1 (555) 094-5058,mrs..elaine.long@stanford.edu,no,yes,no,no,34.088968077227726,-118.33085199702971
Lee Anderson,YNG San Diego,92111,NP,leeanderson,+1 (555) 309-6943,lee.anderson@mac.com,NP,yes,no,no,32.80063516515932,-117.17300086235451
Nicholas Hubbard,YNG Los Angeles,90011,NP,nicholashubbard,+1 (555) 789-1969,nicholas.hubbard@outlook.com,NP,no,no,no,34.009430135350314,-118.25934578152867
Teresa Solis,YNG Los Angeles,90003,teresasolis,teresasolis,+1 (555) 710-7327,teresa.solis@icloud.com,yes,no,yes,no,33.96916498947368,-118.27548059005846
Alexis Morgan,YNG San Diego,92107,alexismorgan,alexismorgan,+1 (555) 126-4159,alexis.morgan@gmail.com,no,no,no,yes,32.73997270045243,-117.24449258917105
Allen Baker,YNG Seattle,98109,allenbaker,allenbaker,+1 (555) 763-4578,allen.baker@hatfield-miller.info,no,yes,yes,no,47.63319124741345,-122.34864867968564
Allison Sweeney,YNG Utah,84111,allisonsweeney,allisonsweeney,+1 (555) 842-0147,allison.sweeney@gmail.com,yes,no,yes,no,40.75204529145455,-111.88275225968182
Dr. Charles Murillo,YNG San Diego,92106,dr.charlesmurillo,NP,+1 (555) 533-4652,dr..charles.murillo@icloud.com,yes,NP,no,no,32.72937961226145,-117.23143698621855
Kevin Martin,YNG LA Universities,90035,kevinmartin,kevinmartin,NP,kevin.martin@aol.com,yes,yes,NP,yes,34.052612885326084,-118.38660384184783
Matthew Boyle,YNG Utah,84102,matthewboyle,matthewboyle,+1 (555) 335-4461,matthew.boyle@yahoo.com,yes,yes,no,no,40.75930613235887,-111.86572937133737
Lauren Kirby,YNG Los Angeles,90006,laurenkirby,laurenkirby,+1 (555) 800-9927,lauren.kirby@company.com,no,yes,yes,no,34.04980037777778,-118.28997994482758
Pamela Buchanan,YNG LA Universities,90043,pamelabuchanan,pamelabuchanan,NP,pamela.buchanan@aol.com,no,no,NP,yes,33.99208529643504,-118.34597650719033
Douglas Atkins,YNG Utah,84114,douglasatkins,NP,+1 (555) 274-9631,douglas.atkins@stanford.edu,yes,NP,yes,yes,,
Anthony Horn,YNG Los Angeles,90012,anthonyhorn,anthonyhorn,+1 (555) 536-5551,anthony.horn@yahoo.com,yes,yes,no,no,34.057665614962595,-118.23937987980051
Michael Stevens,YNG LA Universities,90095,NP,michaelstevens,+1 (555) 149-4529,michael.stevens@watson-johnson.com,NP,yes,no,no,34.067670815,-118.4438837875
Adrienne Jacobson,YNG LA Universities,90027,adriennejacobson,adriennejacobson,+1 (555) 441-4726,adrienne.jacobson@aol.com,yes,no,no,yes,34.10375046818182,-118.29103406915584
Bethany Howard,YNG LA Universities,90041,NP,bethanyhoward,+1 (555) 114-9869,bethany.howard@gmail.com,NP,yes,yes,no,34.1326234462963,-118.21113965555556
Allison Sharp,YNG San Francisco,94110,allisonsharp,allisonsharp,NP,allison.sharp@stanford.edu,no,yes,NP,yes,37.76890161721854,-122.35280078653422
William Robinson,YNG Seattle,98101,NP,NP,+1 (555) 386-5535,william.robinson@stanford.edu,NP,NP,no,yes,47.61075819872804,-122.33619798625075
Ashley Jones,YNG Utah,84116,ashleyjones,ashleyjones,+1 (555) 285-3254,ashley.jones@ucla.edu,yes,yes,yes,no,40.78606765402901,-111.92881288309832
Michael Figueroa,YNG Seattle,98107,michaelfigueroa,NP,NP,michael.figueroa@hunt.com,no,NP,NP,no,47.669277556969114,-122.37647952777958
William Krause,YNG San Diego,92101,williamkrause,NP,NP,william.krause@mac.com,yes,NP,NP,no,32.72082406612426,-117.16207764308432
Taylor Roman,YNG Seattle,98116,taylorroman,taylorroman,NP,taylor.roman@ucla.edu,no,no,NP,yes,47.5739672583109,-122.39417784924855
Jason Wagner,YNG LA Universities,90024,jasonwagner,jasonwagner,NP,jason.wagner@gmail.com,yes,yes,NP,no,34.06164577459678,-118.4445646641129
Nancy Ayala,YNG LA Universities,90037,nancyayala,NP,+1 (555) 223-2633,nancy.ayala@outlook.com,no,NP,yes,yes,34.00457294554974,-118.28413199214658
Lauren Davis,YNG Utah,84113,NP,laurendavis,NP,lauren.davis@outlook.com,NP,yes,NP,yes,40.76585843703704,-111.83309614320989
Matthew Melendez,YNG Utah,84112,matthewmelendez,NP,+1 (555) 480-1014,matthew.melendez@knight-brown.com,no,NP,no,no,40.76419661020408,-111.84354462142856
Phillip Cook,YNG Los Angeles,90003,phillipcook,phillipcook,+1 (555) 162-5074,phillip.cook@icloud.com,yes,yes,no,no,33.96916498947368,-118.27548059005846
Lisa Jensen,YNG Las Vegas,89111,lisajensen,lisajensen,+1 (555) 754-8977,lisa.jensen@icloud.com,yes,yes,no,no,36.08173315,-115.14756435
Joshua Pollard,YNG Las Vegas,89111,joshuapollard,NP,+1 (555) 302-5285,joshua.pollard@aol.com,no,NP,yes,no,36.08173315,-115.14756435
Patrick Hughes,YNG Utah,84114,patrickhughes,patrickhughes,NP,patrick.hughes@wu-love.com,no,yes,NP,yes,,
Heather White,YNG Las Vegas,89111,heatherwhite,heatherwhite,+1 (555) 136-1881,heather.white@icloud.com,yes,no,no,yes,36.08173315,-115.14756435
Steven Russo,YNG San Diego,92108,stevenrusso,stevenrusso,NP,steven.russo@stanford.edu,yes,yes,NP,no,32.774597344770406,-117.13752803890307
Richard Smith,YNG Los Angeles,90007,richardsmith,NP,+1 (555) 198-1453,richard.smith@company.com,no,NP,yes,yes,34.03069760668524,-118.2794813292479
Jessica West,YNG Utah,84113,NP,NP,+1 (555) 816-8280,jessica.west@aol.com,NP,NP,no,yes,40.76585843703704,-111.83309614320989
Ashley Weaver,YNG Utah,84105,ashleyweaver,ashleyweaver,+1 (555) 626-7130,ashley.weaver@company.com,yes,yes,no,no,40.73777872010927,-111.85961518741138
Daniel Hill,YNG Las Vegas,89110,danielhill,danielhill,+1 (555) 045-9091,daniel.hill@barber.info,no,no,no,yes,36.170392276,-115.067424178
Dawn Taylor,YNG Las Vegas,89106,dawntaylor,dawntaylor,+1 (555) 960-7014,dawn.taylor@outlook.com,no,yes,no,no,36.17634431707317,-115.16155537804877
Marcia Murphy,YNG Las Vegas,89106,NP,marciamurphy,+1 (555) 146-2896,marcia.murphy@arnold.info,NP,no,yes,no,36.17634431707317,-115.16155537804877
Holly Brewer,YNG San Francisco,94118,hollybrewer,NP,+1 (555) 342-4279,holly.brewer@outlook.com,yes,NP,yes,yes,37.778867734023464,-122.45656833623188
Wyatt Walsh,YNG Seattle,98115,wyattwalsh,NP,NP,wyatt.walsh@outlook.com,yes,NP,NP,yes,47.68457970939674,-122.2999336073585
Dr. Amanda Russell,YNG San Diego,92102,dr.amandarussell,dr.amandarussell,+1 (555) 181-9658,dr..amanda.russell@outlook.com,yes,yes,yes,no,32.71536154233766,-117.1193998404278
Robert Castaneda,YNG Utah,84106,robertcastaneda,NP,NP,robert.castaneda@yahoo.com,no,NP,NP,yes,40.714016591625615,-111.85534521192822
Dr. Anna Price,YNG San Diego,92110,dr.annaprice,dr.annaprice,NP,dr..anna.price@yahoo.com,yes,no,NP,no,32.77009927021764,-117.1986468325697
Cheryl Evans,YNG Seattle,98104,cherylevans,NP,+1 (555) 702-9444,cheryl.evans@aol.com,yes,NP,yes,no,47.60163380473738,-122.32918632111225
Lisa Singh,YNG Utah,84110,NP,lisasingh,+1 (555) 964-7281,lisa.singh@yahoo.com,NP,no,yes,yes,,
Morgan Greene,YNG Los Angeles,90013,NP,NP,+1 (555) 218-4947,morgan.greene@greene.com,NP,NP,yes,yes,34.04505107228682,-118.24281050697675
Michelle Love,YNG San Francisco,94107,michellelove,michellelove,NP,michelle.love@company.com,yes,yes,NP,no,37.783257284117646,-122.40295517617648
David Wall,YNG Utah,84104,davidwall,davidwall,NP,david.wall@yahoo.com,no,yes,NP,yes,40.741115192358805,-111.93280774850497
Chad Allen,YNG Las Vegas,89109,chadallen,chadallen,+1 (555) 001-6247,chad.allen@company.com,yes,yes,no,no,36.11869316430769,-115.16679650338462
Amanda Thomas,YNG LA Universities,90095,amandathomas,amandathomas,+1 (555) 132-7044,amanda.thomas@icloud.com,no,no,no,no,34.067670815,-118.4438837875
Vicki Jensen,YNG Utah,84109,vickijensen,vickijensen,+1 (555) 166-7989,vicki.jensen@stanford.edu,no,yes,no,yes,40.71942042691722,-111.82023214900966
Heather Wells,YNG LA Universities,90028,heatherwells,heatherwells,+1 (555) 393-7768,heather.wells@outlook.com,yes,yes,yes,no,34.10070241783625,-118.32944383421051
Gina Leblanc,YNG LA Universities,90028,NP,ginaleblanc,+1 (555) 880-4202,gina.leblanc@icloud.com,NP,no,yes,yes,34.10070241783625,-118.32944383421051
Michael Black,YNG Los Angeles,90011,NP,NP,+1 (555) 082-9160,michael.black@gmail.com,NP,NP,yes,no,34.009430135350314,-118.25934578152867
Cameron Lowe,YNG San Diego,92108,cameronlowe,cameronlowe,+1 (555) 920-9333,cameron.lowe@ucla.edu,yes,yes,no,yes,32.774597344770406,-117.13752803890307
Erin Wilson,YNG Utah,84103,erinwilson,erinwilson,NP,erin.wilson@icloud.com,yes,no,NP,yes,40.77831187884949,-111.872362902659
Evan Solomon,YNG San Francisco,94115,evansolomon,evansolomon,+1 (555) 622-2908,evan.solomon@icloud.com,yes,no,yes,no,37.7850615469697,-122.43454814898989
Jeanette French,YNG San Diego,92111,jeanettefrench,jeanettefrench,+1 (555) 689-9605,jeanette.french@mac.com,no,yes,yes,yes,32.80063516515932,-117.17300086235451
Jose Chen,YNG San Francisco,94105,josechen,NP,+1 (555) 219-2266,jose.chen@yahoo.com,no,NP,no,no,37.788532124747476,-122.39720935454545
Alan Bentley,YNG San Diego,92116,alanbentley,alanbentley,+1 (555) 944-3372,alan.bentley@outlook.com,yes,yes,yes,yes,32.76332234516638,-117.12282521002581
Lisa Hart,YNG LA Universities,90034,lisahart,lisahart,+1 (555) 255-3952,lisa.hart@yahoo.com,yes,no,yes,yes,34.03121448737864,-118.39793432888351
Sheila Castro,YNG San Francisco,94102,sheilacastro,sheilacastro,NP,sheila.castro@gmail.com,no,no,NP,yes,37.78238154512195,-122.4153735297561
Roger Lee,YNG San Francisco,94116,rogerlee,NP,+1 (555) 273-4078,roger.lee@mac.com,yes,NP,yes,no,37.74632291441879,-122.47329442721751
Amber Cowan,YNG LA Universities,90037,ambercowan,ambercowan,+1 (555) 932-7343,amber.cowan@icloud.com,no,no,yes,no,34.00457294554974,-118.28413199214658
Robert Robinson,YNG San Francisco,94115,NP,robertrobinson,+1 (555) 666-2631,robert.robinson@cox-solis.biz,NP,yes,yes,yes,37.7850615469697,-122.43454814898989
George Estrada,YNG Los Angeles,90014,georgeestrada,georgeestrada,+1 (555) 951-2735,george.estrada@gmail.com,yes,no,no,yes,34.043170657522126,-118.25211756637168
Amanda Martinez,YNG Seattle,98116,amandamartinez,NP,NP,amanda.martinez@gmail.com,no,NP,NP,yes,47.5739672583109,-122.39417784924855
Rhonda Holmes,YNG LA Universities,90027,rhondaholmes,rhondaholmes,NP,rhonda.holmes@outlook.com,no,yes,NP,no,34.10375046818182,-118.29103406915584
